血液所見：,10,10,-100000,名詞,一般,*,*,*,*,血液所見：,血液所見：,血液所見：
血液検査：,10,10,-100000,名詞,一般,*,*,*,*,血液検査：,血液検査：,血液検査：
血液生化学所見：,10,10,-10000,名詞,一般,*,*,*,*,血液生化学所見：,血液生化学所見：,血液生化学所見：
免疫学所見；,10,10,-100000,名詞,一般,*,*,*,*,免疫学所見；,免疫学所見；,免疫学所見；
免疫血清学所見：,10,10,-100000,名詞,一般,*,*,*,*,免疫血清学所見：,免疫血清学所見：,免疫血清学所見：
血中ホルモン所見：,10,10,-100000,名詞,一般,*,*,*,*,血中ホルモン所見：,血中ホルモン所見：,血中ホルモン所見：
を認める,10,10,-10,名詞,一般,*,*,*,*,を認める,を認める,を認める
を認めない,10,10,-10,名詞,一般,*,*,*,*,を認めない,を認めない,を認めない
赤沈,10,10,10,名詞,所見,項目,*,*,*,赤沈,赤沈,赤沈
赤血球,10,10,10,名詞,所見,項目,*,*,*,赤血球,赤血球,赤血球
赤芽球,10,10,10,名詞,所見,項目,*,*,*,赤芽球,赤芽球,赤芽球
骨髄球,10,10,10,名詞,所見,項目,*,*,*,骨髄球,骨髄球,骨髄球
芽球,10,10,10,名詞,所見,項目,*,*,*,芽球,芽球,芽球
芽球様幼若細胞,10,10,10,名詞,所見,項目,*,*,*,芽球,芽球,芽球
骨髄芽球,10,10,10,名詞,所見,項目,*,*,*,骨髄芽球,骨髄芽球,骨髄芽球
前骨髄球,10,10,-100,名詞,所見,項目,*,*,*,前骨髄球,前骨髄球,前骨髄球
後骨髄球,10,10,-100,名詞,所見,項目,*,*,*,後骨髄球,後骨髄球,後骨髄球
Hb,10,10,10,名詞,所見,項目,*,*,*,ヘモグロビン<Hb>,ヘモグロビン<Hb>,ヘモグロビン<Hb>
ハプトグロビン,10,10,10,名詞,所見,項目,*,*,*,ハプトグロビン,ハプトグロビン,ハプトグロビン
Ht,10,10,10,名詞,所見,項目,*,*,*,ヘマトクリット<Ht>,ヘマトクリット<Ht>,ヘマトクリット<Ht>
平均赤血球容積<MCV>,10,10,10,名詞,所見,項目,*,*,*,平均赤血球容積<MCV>,平均赤血球容積<MCV>,平均赤血球容積<MCV>
MCV,10,10,10,名詞,所見,項目,*,*,*,平均赤血球容積<MCV>,平均赤血球容積<MCV>,平均赤血球容積<MCV>
平均赤血球ヘモグロビン<MCH>,10,10,10,名詞,所見,項目,*,*,*,平均赤血球ヘモグロビン<MCH>,平均赤血球ヘモグロビン<MCH>,平均赤血球ヘモグロビン<MCH>
MCH,10,10,10,名詞,所見,項目,*,*,*,平均赤血球ヘモグロビン<MCH>,平均赤血球ヘモグロビン<MCH>,平均赤血球ヘモグロビン<MCH>
平均赤血球ヘモグロビン濃度<MCHC>,10,10,10,名詞,所見,項目,*,*,*,平均赤血球ヘモグロビン濃度<MCHC>,平均赤血球ヘモグロビン濃度<MCHC>,平均赤血球ヘモグロビン濃度<MCHC>
MCHC,10,10,10,名詞,所見,項目,*,*,*,平均赤血球ヘモグロビン濃度<MCHC>,平均赤血球ヘモグロビン濃度<MCHC>,平均赤血球ヘモグロビン濃度<MCHC>
網赤血球,10,10,10,名詞,所見,項目,*,*,*,網赤血球,網赤血球,網赤血球
白血球,10,10,10,名詞,所見,項目,*,*,*,白血球,白血球,白血球
白血球分画,10,10,10,名詞,所見,項目,*,*,*,白血球分画,白血球分画,白血球分画
好中球,10,10,10,名詞,所見,項目,*,*,*,好中球,好中球,好中球
桿状核＋分葉核好中球,10,10,10,名詞,所見,項目,*,*,*,好中球,好中球,好中球
桿状核好中球,10,10,10,名詞,所見,項目,*,*,*,桿状核好中球,桿状核好中球,桿状核好中球
分葉核好中球,10,10,10,名詞,所見,項目,*,*,*,分葉核好中球,分葉核好中球,分葉核好中球
好酸球,10,10,10,名詞,所見,項目,*,*,*,好酸球,好酸球,好酸球
好塩基球,10,10,10,名詞,所見,項目,*,*,*,好塩基球,好塩基球,好塩基球
単球,10,10,10,名詞,所見,項目,*,*,*,単球,単球,単球
リンパ球,10,10,10,名詞,所見,項目,*,*,*,リンパ球,リンパ球,リンパ球
異型リンパ球,10,10,10,名詞,所見,項目,*,*,*,異型リンパ球,異型リンパ球,異型リンパ球
異常細胞,10,10,10,名詞,所見,項目,*,*,*,異常細胞,異常細胞,異常細胞
血小板,10,10,10,名詞,所見,項目,*,*,*,血小板,血小板,血小板
末梢血・骨髄血塗抹,10,10,10,名詞,所見,項目,*,*,*,末梢血・骨髄血塗抹,末梢血・骨髄血塗抹,末梢血・骨髄血塗抹
出血時間,10,10,10,名詞,所見,項目,*,*,*,出血時間,出血時間,出血時間
プロトロンビン時間<PT>,10,10,10,名詞,所見,項目,*,*,*,プロトロンビン時間<PT>,プロトロンビン時間<PT>,プロトロンビン時間<PT>
プロトロンビン時間,10,10,10,名詞,所見,項目,*,*,*,プロトロンビン時間<PT>,プロトロンビン時間<PT>,プロトロンビン時間<PT>
PT,10,10,10,名詞,所見,項目,*,*,*,プロトロンビン時間<PT>,プロトロンビン時間<PT>,プロトロンビン時間<PT>
PT％,10,10,10,名詞,所見,項目,*,*,*,プロトロンビン時間<PT>,プロトロンビン時間<PT>,プロトロンビン時間<PT>
PT-INR,10,10,10,名詞,所見,項目,*,*,*,PT-INR,PT-INR,PT-INR
活性化部分トロンボプラスチン時間<APTT>,10,10,10,名詞,所見,項目,*,*,*,活性化部分トロンボプラスチン時間<APTT>,活性化部分トロンボプラスチン時間<APTT>,活性化部分トロンボプラスチン時間<APTT>
活性化部分トロンボプラスチン時間,10,10,10,名詞,所見,項目,*,*,*,活性化部分トロンボプラスチン時間<APTT>,活性化部分トロンボプラスチン時間<APTT>,活性化部分トロンボプラスチン時間<APTT>
APTT,10,10,10,名詞,所見,項目,*,*,*,活性化部分トロンボプラスチン時間<APTT>,活性化部分トロンボプラスチン時間<APTT>,活性化部分トロンボプラスチン時間<APTT>
血漿アンチトロンビン,10,10,10,名詞,所見,項目,*,*,*,血漿アンチトロンビン,血漿アンチトロンビン,血漿アンチトロンビン
トロンビン・アンチトロンビン複合体<TAT>,10,10,10,名詞,所見,項目,*,*,*,トロンビン・アンチトロンビン複合体<TAT>,トロンビン・アンチトロンビン複合体<TAT>,トロンビン・アンチトロンビン複合体<TAT>
血漿フィブリノゲン,10,10,10,名詞,所見,項目,*,*,*,血漿フィブリノゲン,血漿フィブリノゲン,血漿フィブリノゲン
フィブリノゲン,10,10,10,名詞,所見,項目,*,*,*,血漿フィブリノゲン,血漿フィブリノゲン,血漿フィブリノゲン
血清FDP,10,10,10,名詞,所見,項目,*,*,*,血清FDP,血清FDP,血清FDP
Dダイマー,10,10,10,名詞,所見,項目,*,*,*,Dダイマー,Dダイマー,Dダイマー
プラスミン・プラスミンインヒビター複合体<PlC>,10,10,10,名詞,所見,項目,*,*,*,プラスミン・プラスミンインヒビター複合体<PlC>,プラスミン・プラスミンインヒビター複合体<PlC>,プラスミン・プラスミンインヒビター複合体<PlC>
血小板凝集能,10,10,10,名詞,所見,項目,*,*,*,血小板凝集能,血小板凝集能,血小板凝集能
Na,10,10,10,名詞,所見,項目,*,*,*,Na,Na,Na
K,10,10,10,名詞,所見,項目,*,*,*,K,K,K
Cl,10,10,10,名詞,所見,項目,*,*,*,Cl,Cl,Cl
Ca,10,10,10,名詞,所見,項目,*,*,*,Ca,Ca,Ca
P,10,10,10,名詞,所見,項目,*,*,*,P,P,P
Mg,10,10,10,名詞,所見,項目,*,*,*,Mg,Mg,Mg
浸透圧,10,10,10,名詞,所見,項目,*,*,*,浸透圧,浸透圧,浸透圧
Cu,10,10,10,名詞,所見,項目,*,*,*,Cu,Cu,Cu
Fe,10,10,10,名詞,所見,項目,*,*,*,Fe,Fe,Fe
総鉄結合能<TIBC>,10,10,10,名詞,所見,項目,*,*,*,総鉄結合能<TIBC>,総鉄結合能<TIBC>,総鉄結合能<TIBC>
総鉄結合能,10,10,10,名詞,所見,項目,*,*,*,総鉄結合能<TIBC>,総鉄結合能<TIBC>,総鉄結合能<TIBC>
TIBC,10,10,10,名詞,所見,項目,*,*,*,総鉄結合能<TIBC>,総鉄結合能<TIBC>,総鉄結合能<TIBC>
不飽和鉄結合能<UIBC>,10,10,10,名詞,所見,項目,*,*,*,不飽和鉄結合能<UIBC>,不飽和鉄結合能<UIBC>,不飽和鉄結合能<UIBC>
UIBC,10,10,10,名詞,所見,項目,*,*,*,不飽和鉄結合能<UIBC>,不飽和鉄結合能<UIBC>,不飽和鉄結合能<UIBC>
不飽和鉄結合能,10,10,10,名詞,所見,項目,*,*,*,不飽和鉄結合能<UIBC>,不飽和鉄結合能<UIBC>,不飽和鉄結合能<UIBC>
ビタミンB1,10,10,10,名詞,所見,項目,*,*,*,ビタミンB1,ビタミンB1,ビタミンB1
ビタミンB12,10,10,10,名詞,所見,項目,*,*,*,ビタミンB12,ビタミンB12,ビタミンB12
葉酸,10,10,10,名詞,所見,項目,*,*,*,葉酸,葉酸,葉酸
甲状腺刺激ホルモン<TSH>,10,10,10,名詞,所見,項目,*,*,*,甲状腺刺激ホルモン<TSH>,甲状腺刺激ホルモン<TSH>,甲状腺刺激ホルモン<TSH>
甲状腺刺激ホルモン,10,10,10,名詞,所見,項目,*,*,*,甲状腺刺激ホルモン<TSH>,甲状腺刺激ホルモン<TSH>,甲状腺刺激ホルモン<TSH>
TSH,10,10,10,名詞,所見,項目,*,*,*,甲状腺刺激ホルモン<TSH>,甲状腺刺激ホルモン<TSH>,甲状腺刺激ホルモン<TSH>
成長ホルモン<GH>,10,10,10,名詞,所見,項目,*,*,*,成長ホルモン<GH>,成長ホルモン<GH>,成長ホルモン<GH>
ソマトメジンC,10,10,10,名詞,所見,項目,*,*,*,ソマトメジンC,ソマトメジンC,ソマトメジンC
黄体化ホルモン<LH>,10,10,10,名詞,所見,項目,*,*,*,黄体化ホルモン<LH>,黄体化ホルモン<LH>,黄体化ホルモン<LH>
黄体化ホルモン,10,10,10,名詞,所見,項目,*,*,*,黄体化ホルモン<LH>,黄体化ホルモン<LH>,黄体化ホルモン<LH>
LH,10,10,10,名詞,所見,項目,*,*,*,黄体化ホルモン<LH>,黄体化ホルモン<LH>,黄体化ホルモン<LH>
ACTH,10,10,10,名詞,所見,項目,*,*,*,副腎皮質刺激ホルモン<ACTH>,副腎皮質刺激ホルモン<ACTH>,副腎皮質刺激ホルモン<ACTH>
副腎皮質刺激ホルモン<ACTH>,10,10,10,名詞,所見,項目,*,*,*,副腎皮質刺激ホルモン<ACTH>,副腎皮質刺激ホルモン<ACTH>,副腎皮質刺激ホルモン<ACTH>
副腎皮質刺激ホルモン,10,10,10,名詞,所見,項目,*,*,*,副腎皮質刺激ホルモン<ACTH>,副腎皮質刺激ホルモン<ACTH>,副腎皮質刺激ホルモン<ACTH>
ACTH,10,10,10,名詞,所見,項目,*,*,*,副腎皮質刺激ホルモン<ACTH>,副腎皮質刺激ホルモン<ACTH>,副腎皮質刺激ホルモン<ACTH>
卵胞刺激ホルモン<FSH>,10,10,10,名詞,所見,項目,*,*,*,卵胞刺激ホルモン<FSH>,卵胞刺激ホルモン<FSH>,卵胞刺激ホルモン<FSH>
卵胞刺激ホルモン,10,10,10,名詞,所見,項目,*,*,*,卵胞刺激ホルモン<FSH>,卵胞刺激ホルモン<FSH>,卵胞刺激ホルモン<FSH>
FSH,10,10,10,名詞,所見,項目,*,*,*,卵胞刺激ホルモン<FSH>,卵胞刺激ホルモン<FSH>,卵胞刺激ホルモン<FSH>
プロラクチン<PRL>,10,10,10,名詞,所見,項目,*,*,*,プロラクチン<PRL>,プロラクチン<PRL>,プロラクチン<PRL>
プロラクチン,10,10,10,名詞,所見,項目,*,*,*,プロラクチン<PRL>,プロラクチン<PRL>,プロラクチン<PRL>
PRL,10,10,10,名詞,所見,項目,*,*,*,プロラクチン<PRL>,プロラクチン<PRL>,プロラクチン<PRL>
抗利尿ホルモン、バソプレシン<ADH>,10,10,10,名詞,所見,項目,*,*,*,抗利尿ホルモン、バソプレシン<ADH>,抗利尿ホルモン、バソプレシン<ADH>,抗利尿ホルモン、バソプレシン<ADH>
FT3,10,10,10,名詞,所見,項目,*,*,*,遊離トリヨードサイロニン<FT3>,遊離トリヨードサイロニン<FT3>,遊離トリヨードサイロニン<FT3>
T3,10,10,10,名詞,所見,項目,*,*,*,遊離トリヨードサイロニン<FT3>,遊離トリヨードサイロニン<FT3>,遊離トリヨードサイロニン<FT3>
FT4,10,10,10,名詞,所見,項目,*,*,*,遊離サイロキシン<FT4>,遊離サイロキシン<FT4>,遊離サイロキシン<FT4>
T4,10,10,10,名詞,所見,項目,*,*,*,遊離サイロキシン<FT4>,遊離サイロキシン<FT4>,遊離サイロキシン<FT4>
サイログロブリン,10,10,10,名詞,所見,項目,*,*,*,サイログロブリン,サイログロブリン,サイログロブリン
カルシトニン,10,10,10,名詞,所見,項目,*,*,*,カルシトニン,カルシトニン,カルシトニン
副甲状腺ホルモン<PTH>,10,10,10,名詞,所見,項目,*,*,*,副甲状腺ホルモン<PTH>,副甲状腺ホルモン<PTH>,副甲状腺ホルモン<PTH>
コルチゾール,10,10,10,名詞,所見,項目,*,*,*,コルチゾール,コルチゾール,コルチゾール
アルドステロン,10,10,10,名詞,所見,項目,*,*,*,アルドステロン,アルドステロン,アルドステロン
17α-ヒドロキシプロゲステロン,10,10,10,名詞,所見,項目,*,*,*,17α-ヒドロキシプロゲステロン,17α-ヒドロキシプロゲステロン,17α-ヒドロキシプロゲステロン
アドレナリン,10,10,10,名詞,所見,項目,*,*,*,アドレナリン,アドレナリン,アドレナリン
ノルアドレナリン,10,10,10,名詞,所見,項目,*,*,*,ノルアドレナリン,ノルアドレナリン,ノルアドレナリン
ガストリン,10,10,10,名詞,所見,項目,*,*,*,ガストリン,ガストリン,ガストリン
インスリン,10,10,10,名詞,所見,項目,*,*,*,インスリン,インスリン,インスリン
空腹時インスリン<IRI>,10,10,10,名詞,所見,項目,*,*,*,インスリン,インスリン,インスリン
グルカゴン,10,10,10,名詞,所見,項目,*,*,*,グルカゴン,グルカゴン,グルカゴン
Cペプチド<CPR>,10,10,10,名詞,所見,項目,*,*,*,Cペプチド<CPR>,Cペプチド<CPR>,Cペプチド<CPR>
空腹時Cペプチド<CPR>,10,10,10,名詞,所見,項目,*,*,*,Cペプチド<CPR>,Cペプチド<CPR>,Cペプチド<CPR>
血漿レニン活性<PRA>,10,10,10,名詞,所見,項目,*,*,*,血漿レニン活性<PRA>,血漿レニン活性<PRA>,血漿レニン活性<PRA>
血漿レニン活性,10,10,10,名詞,所見,項目,*,*,*,血漿レニン活性<PRA>,血漿レニン活性<PRA>,血漿レニン活性<PRA>
PRA,10,10,10,名詞,所見,項目,*,*,*,血漿レニン活性<PRA>,血漿レニン活性<PRA>,血漿レニン活性<PRA>
アンジオテンシン,10,10,10,名詞,所見,項目,*,*,*,アンジオテンシン,アンジオテンシン,アンジオテンシン
エリスロポエチン,10,10,10,名詞,所見,項目,*,*,*,エリスロポエチン,エリスロポエチン,エリスロポエチン
エストラジオール<E2>,10,10,10,名詞,所見,項目,*,*,*,エストラジオール<E2>,エストラジオール<E2>,エストラジオール<E2>
エストラジオール,10,10,10,名詞,所見,項目,*,*,*,エストラジオール<E2>,エストラジオール<E2>,エストラジオール<E2>
E2,10,10,10,名詞,所見,項目,*,*,*,エストラジオール<E2>,エストラジオール<E2>,エストラジオール<E2>
エストリオール<E3>,10,10,10,名詞,所見,項目,*,*,*,エストリオール<E3>,エストリオール<E3>,エストリオール<E3>
エストリオール,10,10,10,名詞,所見,項目,*,*,*,エストリオール<E3>,エストリオール<E3>,エストリオール<E3>
E3,10,10,10,名詞,所見,項目,*,*,*,エストリオール<E3>,エストリオール<E3>,エストリオール<E3>
プロゲステロン,10,10,10,名詞,所見,項目,*,*,*,プロゲステロン,プロゲステロン,プロゲステロン
テストステロン,10,10,10,名詞,所見,項目,*,*,*,テストステロン,テストステロン,テストステロン
絨毛性ゴナドトロピン<hCG>,10,10,10,名詞,所見,項目,*,*,*,絨毛性ゴナドトロピン<hCG>,絨毛性ゴナドトロピン<hCG>,絨毛性ゴナドトロピン<hCG>
ヒト絨毛性ゴナドトロピン<hCG>,10,10,10,名詞,所見,項目,*,*,*,絨毛性ゴナドトロピン<hCG>,絨毛性ゴナドトロピン<hCG>,絨毛性ゴナドトロピン<hCG>
hCG,10,10,10,名詞,所見,項目,*,*,*,絨毛性ゴナドトロピン<hCG>,絨毛性ゴナドトロピン<hCG>,絨毛性ゴナドトロピン<hCG>
総タンパク,10,10,10,名詞,所見,項目,*,*,*,総タンパク<TP>,総タンパク<TP>,総タンパク<TP>
総蛋白,10,10,10,名詞,所見,項目,*,*,*,総タンパク<TP>,総タンパク<TP>,総タンパク<TP>
TP,10,10,10,名詞,所見,項目,*,*,*,総タンパク<TP>,総タンパク<TP>,総タンパク<TP>
タンパク分画,10,10,10,名詞,所見,項目,*,*,*,タンパク分画,タンパク分画,タンパク分画
アルブミン<Alb>,10,10,10,名詞,所見,項目,*,*,*,アルブミン<Alb>,アルブミン<Alb>,アルブミン<Alb>
アルブミン,10,10,10,名詞,所見,項目,*,*,*,アルブミン<Alb>,アルブミン<Alb>,アルブミン<Alb>
Alb,10,10,10,名詞,所見,項目,*,*,*,アルブミン<Alb>,アルブミン<Alb>,アルブミン<Alb>
α1ミクログロブリン,10,10,10,名詞,所見,項目,*,*,*,α1ミクログロブリン,α1ミクログロブリン,α1ミクログロブリン
α1マイクログロブリン,10,10,10,名詞,所見,項目,*,*,*,α1ミクログロブリン,α1ミクログロブリン,α1ミクログロブリン
α1-グロブリン,10,10,10,名詞,所見,項目,*,*,*,α1ミクログロブリン,α1ミクログロブリン,α1ミクログロブリン
α2ミクログロブリン,10,10,10,名詞,所見,項目,*,*,*,α2ミクログロブリン,α2ミクログロブリン,α2ミクログロブリン
α2マイクログロブリン,10,10,10,名詞,所見,項目,*,*,*,α2ミクログロブリン,α2ミクログロブリン,α2ミクログロブリン
α2-グロブリン,10,10,10,名詞,所見,項目,*,*,*,α2ミクログロブリン,α2ミクログロブリン,α2ミクログロブリン
β2ミクログロブリン,10,10,10,名詞,所見,項目,*,*,*,β2ミクログロブリン,β2ミクログロブリン,β2ミクログロブリン
β2マイクログロブリン,10,10,10,名詞,所見,項目,*,*,*,β2ミクログロブリン,β2ミクログロブリン,β2ミクログロブリン
β2グロブリン,10,10,10,名詞,所見,項目,*,*,*,β2ミクログロブリン,β2ミクログロブリン,β2ミクログロブリン
β-グロブリン,10,10,10,名詞,所見,項目,*,*,*,β2ミクログロブリン,β2ミクログロブリン,β2ミクログロブリン
γ-グロブリン,10,10,10,名詞,所見,項目,*,*,*,γミクログロブリン,γミクログロブリン,γミクログロブリン
IgG,10,10,10,名詞,所見,項目,*,*,*,IgG,IgG,IgG
IgA,10,10,10,名詞,所見,項目,*,*,*,IgA,IgA,IgA
IgM,10,10,10,名詞,所見,項目,*,*,*,IgM,IgM,IgM
IgD,10,10,10,名詞,所見,項目,*,*,*,IgD,IgD,IgD
IgE,10,10,10,名詞,所見,項目,*,*,*,IgE,IgE,IgE
フェリチン,10,10,10,名詞,所見,項目,*,*,*,フェリチン,フェリチン,フェリチン
心筋トロポニンT,10,10,10,名詞,所見,項目,*,*,*,心筋トロポニンT,心筋トロポニンT,心筋トロポニンT
心筋トロポニンT,10,10,10,名詞,所見,項目,*,*,*,心筋トロポニンT,心筋トロポニンT,心筋トロポニンT
トロポニンI,10,10,10,名詞,所見,項目,*,*,*,心筋トロポニンI,心筋トロポニンI,心筋トロポニンI
総ビリルビン,10,10,-100,名詞,所見,項目,*,*,*,総ビリルビン,総ビリルビン,総ビリルビン
ビリルビン,10,10,10,名詞,所見,項目,*,*,*,総ビリルビン,総ビリルビン,総ビリルビン
直接ビリルビン,10,10,-100,名詞,所見,項目,*,*,*,直接ビリルビン,直接ビリルビン,直接ビリルビン
AST,1,1,1,名詞,所見,項目,*,*,*,AST,AST,AST
ALT,10,10,10,名詞,所見,項目,*,*,*,ALT,ALT,ALT
LD<LDH>,10,10,10,名詞,所見,項目,*,*,*,LD<LDH>,LD<LDH>,LD<LDH>
LD,10,10,10,名詞,所見,項目,*,*,*,LD<LDH>,LD<LDH>,LD<LDH>
LDH,10,10,10,名詞,所見,項目,*,*,*,LD<LDH>,LD<LDH>,LD<LDH>
ALP,10,10,10,名詞,所見,項目,*,*,*,ALP,ALP,ALP
γ-GT<γ-GTP>,10,10,10,名詞,所見,項目,*,*,*,γ-GT<γ-GTP>,γ-GT<γ-GTP>,γ-GT<γ-GTP>
γ-GT,10,10,10,名詞,所見,項目,*,*,*,γ-GT<γ-GTP>,γ-GT<γ-GTP>,γ-GT<γ-GTP>
γ-GTP,10,10,10,名詞,所見,項目,*,*,*,γ-GT<γ-GTP>,γ-GT<γ-GTP>,γ-GT<γ-GTP>
コリンエステラーゼ<ChE>,10,10,10,名詞,所見,項目,*,*,*,コリンエステラーゼ<ChE>,コリンエステラーゼ<ChE>,コリンエステラーゼ<ChE>
コリンエステラーゼ,10,10,10,名詞,所見,項目,*,*,*,コリンエステラーゼ<ChE>,コリンエステラーゼ<ChE>,コリンエステラーゼ<ChE>
ChE,10,10,10,名詞,所見,項目,*,*,*,コリンエステラーゼ<ChE>,コリンエステラーゼ<ChE>,コリンエステラーゼ<ChE>
アミラーゼ,10,10,10,名詞,所見,項目,*,*,*,アミラーゼ,アミラーゼ,アミラーゼ
リパーゼ,10,10,10,名詞,所見,項目,*,*,*,リパーゼ,リパーゼ,リパーゼ
CK,10,10,10,名詞,所見,項目,*,*,*,CK,CK,CK
CK-MB,10,10,10,名詞,所見,項目,*,*,*,CK-MB,CK-MB,CK-MB
アンジオテンシン変換酵素<ACE>,10,10,10,名詞,所見,項目,*,*,*,アンジオテンシン変換酵素<ACE>,アンジオテンシン変換酵素<ACE>,アンジオテンシン変換酵素<ACE>
ACE,10,10,10,名詞,所見,項目,*,*,*,アンジオテンシン変換酵素<ACE>,アンジオテンシン変換酵素<ACE>,アンジオテンシン変換酵素<ACE>
ペプシノゲン,10,10,10,名詞,所見,項目,*,*,*,ペプシノゲン,ペプシノゲン,ペプシノゲン
尿素窒素,10,10,10,名詞,所見,項目,*,*,*,尿素窒素<BUN>,尿素窒素<BUN>,尿素窒素<BUN>
BUN,10,10,10,名詞,所見,項目,*,*,*,尿素窒素<BUN>,尿素窒素<BUN>,尿素窒素<BUN>
クレアチニン,10,10,10,名詞,所見,項目,*,*,*,クレアチニン<Cr>,クレアチニン<Cr>,クレアチニン<Cr>
Cr,10,10,10,名詞,所見,項目,*,*,*,クレアチニン<Cr>,クレアチニン<Cr>,クレアチニン<Cr>
尿酸<UA>,10,10,10,名詞,所見,項目,*,*,*,尿酸<UA>,尿酸<UA>,尿酸<UA>
尿酸,10,10,10,名詞,所見,項目,*,*,*,尿酸<UA>,尿酸<UA>,尿酸<UA>
UA,10,10,10,名詞,所見,項目,*,*,*,尿酸<UA>,尿酸<UA>,尿酸<UA>
アンモニア,10,10,10,名詞,所見,項目,*,*,*,アンモニア,アンモニア,アンモニア
血糖,10,10,10,名詞,所見,項目,*,*,*,｛随時｝血糖,｛随時｝血糖,｛随時｝血糖
随時血糖,10,10,10,名詞,所見,項目,*,*,*,｛随時｝血糖,｛随時｝血糖,｛随時｝血糖
空腹時血糖<FBS>,10,10,10,名詞,所見,項目,*,*,*,空腹時血糖<FBS>,空腹時血糖<FBS>,空腹時血糖<FBS>
空腹時血糖,10,10,10,名詞,所見,項目,*,*,*,空腹時血糖<FBS>,空腹時血糖<FBS>,空腹時血糖<FBS>
FBS,10,10,10,名詞,所見,項目,*,*,*,空腹時血糖<FBS>,空腹時血糖<FBS>,空腹時血糖<FBS>
ブドウ糖負荷試験<OGTT>,10,10,10,名詞,所見,項目,*,*,*,ブドウ糖負荷試験<OGTT>,ブドウ糖負荷試験<OGTT>,ブドウ糖負荷試験<OGTT>
HbA1c,10,10,10,名詞,所見,項目,*,*,*,HbA1c,HbA1c,HbA1c
総コレステロール,10,10,10,名詞,所見,項目,*,*,*,総コレステロール<TC>,総コレステロール<TC>,総コレステロール<TC>
TC,10,10,10,名詞,所見,項目,*,*,*,総コレステロール<TC>,総コレステロール<TC>,総コレステロール<TC>
トリグリセリド,10,10,10,名詞,所見,項目,*,*,*,トリグリセリド<TG>,トリグリセリド<TG>,トリグリセリド<TG>
トリグリセライド,10,10,10,名詞,所見,項目,*,*,*,トリグリセリド<TG>,トリグリセリド<TG>,トリグリセリド<TG>
TG,10,10,10,名詞,所見,項目,*,*,*,トリグリセリド<TG>,トリグリセリド<TG>,トリグリセリド<TG>
HDLコレステロール,10,10,-1000,名詞,所見,項目,*,*,*,HDLコレステロール,HDLコレステロール,HDLコレステロール
HDL-コレステロール,10,10,-1000,名詞,所見,項目,*,*,*,HDLコレステロール,HDLコレステロール,HDLコレステロール
LDLコレステロール,10,10,-1000,名詞,所見,項目,*,*,*,LDLコレステロール,LDLコレステロール,LDLコレステロール
LDL-コレステロール,10,10,-1000,名詞,所見,項目,*,*,*,LDLコレステロール,LDLコレステロール,LDLコレステロール
心房性ナトリウム利尿ペプチド<hANP>,10,10,10,名詞,所見,項目,*,*,*,心房性ナトリウム利尿ペプチド<hANP>,心房性ナトリウム利尿ペプチド<hANP>,心房性ナトリウム利尿ペプチド<hANP>
脳性ナトリウム利尿ペプチド<BNP>,10,10,-100,名詞,所見,項目,*,*,*,脳性ナトリウム利尿ペプチド<BNP>,脳性ナトリウム利尿ペプチド<BNP>,脳性ナトリウム利尿ペプチド<BNP>
5-ヒドロキシインドール酢酸<5-HIAA>,10,10,10,名詞,所見,項目,*,*,*,5-ヒドロキシインドール酢酸<5-HIAA>,5-ヒドロキシインドール酢酸<5-HIAA>,5-ヒドロキシインドール酢酸<5-HIAA>
遊離コルチゾール,10,10,10,名詞,所見,項目,*,*,*,遊離コルチゾール,遊離コルチゾール,遊離コルチゾール
カテコラミン,10,10,10,名詞,所見,項目,*,*,*,カテコラミン,カテコラミン,カテコラミン
メタネフリン・ノルメタネフリン,10,10,10,名詞,所見,項目,*,*,*,メタネフリン・ノルメタネフリン,メタネフリン・ノルメタネフリン,メタネフリン・ノルメタネフリン
バニリルマンデル酸<VMA>,10,10,10,名詞,所見,項目,*,*,*,バニリルマンデル酸<VMA>,バニリルマンデル酸<VMA>,バニリルマンデル酸<VMA>
α-フェトプロテイン<AFP>,10,10,10,名詞,所見,項目,*,*,*,α-フェトプロテイン<AFP>,α-フェトプロテイン<AFP>,α-フェトプロテイン<AFP>
α-フェトプロテイン,10,10,10,名詞,所見,項目,*,*,*,α-フェトプロテイン<AFP>,α-フェトプロテイン<AFP>,α-フェトプロテイン<AFP>
AFP,10,10,10,名詞,所見,項目,*,*,*,α-フェトプロテイン<AFP>,α-フェトプロテイン<AFP>,α-フェトプロテイン<AFP>
SCC,10,10,10,名詞,所見,項目,*,*,*,SCC,SCC,SCC
CEA,10,10,10,名詞,所見,項目,*,*,*,CEA,CEA,CEA
ProGRP,10,10,10,名詞,所見,項目,*,*,*,ProGRP,ProGRP,ProGRP
CYFRA,10,10,10,名詞,所見,項目,*,*,*,CYFRA,CYFRA,CYFRA
CA19-9,10,10,10,名詞,所見,項目,*,*,*,CA19-9,CA19-9,CA19-9
CA15-3,10,10,10,名詞,所見,項目,*,*,*,CA15-3,CA15-3,CA15-3
CA125,10,10,10,名詞,所見,項目,*,*,*,CA125,CA125,CA125
PSA,10,10,10,名詞,所見,項目,*,*,*,PSA,PSA,PSA
KL-6,10,10,10,名詞,所見,項目,*,*,*,KL-6,KL-6,KL-6
抗RNP抗体,10,10,10,名詞,所見,項目,*,*,*,抗RNP抗体,抗RNP抗体,抗RNP抗体
抗Sm抗体,10,10,10,名詞,所見,項目,*,*,*,抗Sm抗体,抗Sm抗体,抗Sm抗体
抗SS-A抗体,10,10,10,名詞,所見,項目,*,*,*,抗SS-A抗体,抗SS-A抗体,抗SS-A抗体
抗SS-B抗体,10,10,10,名詞,所見,項目,*,*,*,抗SS-B抗体,抗SS-B抗体,抗SS-B抗体
抗Jo-1抗体,10,10,10,名詞,所見,項目,*,*,*,抗Jo-1抗体,抗Jo-1抗体,抗Jo-1抗体
抗Scl-70抗体,10,10,10,名詞,所見,項目,*,*,*,抗Scl-70抗体,抗Scl-70抗体,抗Scl-70抗体
抗ミトコンドリア抗体,10,10,10,名詞,所見,項目,*,*,*,抗ミトコンドリア抗体,抗ミトコンドリア抗体,抗ミトコンドリア抗体
抗RNAポリメラーゼⅢ抗体,10,10,10,名詞,所見,項目,*,*,*,抗RNAポリメラーゼⅢ抗体,抗RNAポリメラーゼⅢ抗体,抗RNAポリメラーゼⅢ抗体
抗平滑筋抗体,10,10,10,名詞,所見,項目,*,*,*,抗平滑筋抗体,抗平滑筋抗体,抗平滑筋抗体
抗サイログロブリン<TG>抗体,10,10,10,名詞,所見,項目,*,*,*,抗サイログロブリン<TG>抗体,抗サイログロブリン<TG>抗体,抗サイログロブリン<TG>抗体
抗サイログロブリン抗体,10,10,10,名詞,所見,項目,*,*,*,抗サイログロブリン<TG>抗体,抗サイログロブリン<TG>抗体,抗サイログロブリン<TG>抗体
抗甲状腺ペルオキシダーゼ<TPO>抗体,10,10,10,名詞,所見,項目,*,*,*,抗甲状腺ペルオキシダーゼ<TPO>抗体,抗甲状腺ペルオキシダーゼ<TPO>抗体,抗甲状腺ペルオキシダーゼ<TPO>抗体
抗TSH受容体抗体<TRAb>,10,10,10,名詞,所見,項目,*,*,*,抗TSH受容体抗体<TRAb>,抗TSH受容体抗体<TRAb>,抗TSH受容体抗体<TRAb>
抗TSH受容体抗体,10,10,10,名詞,所見,項目,*,*,*,抗TSH受容体抗体<TRAb>,抗TSH受容体抗体<TRAb>,抗TSH受容体抗体<TRAb>
TRAb,10,10,10,名詞,所見,項目,*,*,*,抗TSH受容体抗体<TRAb>,抗TSH受容体抗体<TRAb>,抗TSH受容体抗体<TRAb>
抗GAD抗体,10,10,10,名詞,所見,項目,*,*,*,抗GAD抗体,抗GAD抗体,抗GAD抗体
抗インスリン抗体,10,10,10,名詞,所見,項目,*,*,*,抗インスリン抗体,抗インスリン抗体,抗インスリン抗体
直接Coombs試験,10,10,10,名詞,所見,項目,*,*,*,直接Coombs試験,直接Coombs試験,直接Coombs試験
間接Coombs試験,10,10,10,名詞,所見,項目,*,*,*,間接Coombs試験,間接Coombs試験,間接Coombs試験
抗アクアポリン4抗体,10,10,10,名詞,所見,項目,*,*,*,抗アクアポリン4抗体,抗アクアポリン4抗体,抗アクアポリン4抗体
抗アセチルコリン受容体抗体,10,10,10,名詞,所見,項目,*,*,*,抗アセチルコリン受容体抗体,抗アセチルコリン受容体抗体,抗アセチルコリン受容体抗体
免疫電気泳動,10,10,10,名詞,所見,項目,*,*,*,免疫電気泳動,免疫電気泳動,免疫電気泳動
BenceJonesタンパク,10,10,10,名詞,所見,項目,*,*,*,BenceJonesタンパク,BenceJonesタンパク,BenceJonesタンパク
アレルゲン検査,10,10,10,名詞,所見,項目,*,*,*,アレルゲン検査,アレルゲン検査,アレルゲン検査
IgE、特異的IgE,10,10,10,名詞,所見,項目,*,*,*,IgE、特異的IgE,IgE、特異的IgE,IgE、特異的IgE
皮膚反応（パッチテスト、プリックテスト、皮内反応）,10,10,10,名詞,所見,項目,*,*,*,皮膚反応（パッチテスト、プリックテスト、皮内反応）,皮膚反応（パッチテスト、プリックテスト、皮内反応）,皮膚反応（パッチテスト、プリックテスト、皮内反応）
再投与試験,10,10,10,名詞,所見,項目,*,*,*,再投与試験,再投与試験,再投与試験
CH50,10,10,10,名詞,所見,項目,*,*,*,CH50,CH50,CH50
C3,10,10,10,名詞,所見,項目,*,*,*,C3,C3,C3
C4,10,10,10,名詞,所見,項目,*,*,*,C4,C4,C4
免疫複合体,10,10,10,名詞,所見,項目,*,*,*,免疫複合体,免疫複合体,免疫複合体
リンパ球表面抗原検査,10,10,10,名詞,所見,項目,*,*,*,リンパ球表面抗原検査,リンパ球表面抗原検査,リンパ球表面抗原検査
CD4/CD8比,10,10,10,名詞,所見,項目,*,*,*,CD4/CD8比,CD4/CD8比,CD4/CD8比
Tリンパ球CD4/CD8比,10,10,10,名詞,所見,項目,*,*,*,CD4/CD8比,CD4/CD8比,CD4/CD8比
好中球機能検査,10,10,10,名詞,所見,項目,*,*,*,好中球機能検査,好中球機能検査,好中球機能検査
リンパ球刺激試験,10,10,10,名詞,所見,項目,*,*,*,リンパ球刺激試験,リンパ球刺激試験,リンパ球刺激試験
ツベルクリン反応,10,10,10,名詞,所見,項目,*,*,*,ツベルクリン反応,ツベルクリン反応,ツベルクリン反応
組織適合検査,10,10,10,名詞,所見,項目,*,*,*,組織適合検査,組織適合検査,組織適合検査
C反応性タンパク<CRP>,10,10,10,名詞,所見,項目,*,*,*,C反応性タンパク<CRP>,C反応性タンパク<CRP>,C反応性タンパク<CRP>
CRP,10,10,10,名詞,所見,項目,*,*,*,C反応性タンパク<CRP>,C反応性タンパク<CRP>,C反応性タンパク<CRP>
プロカルシトニン,10,10,10,名詞,所見,項目,*,*,*,プロカルシトニン,プロカルシトニン,プロカルシトニン
梅毒血清反応,10,10,10,名詞,所見,項目,*,*,*,梅毒血清反応,梅毒血清反応,梅毒血清反応
Weil-Felix反応,10,10,10,名詞,所見,項目,*,*,*,Weil-Felix反応,Weil-Felix反応,Weil-Felix反応
ASO,10,10,10,名詞,所見,項目,*,*,*,ASO,ASO,ASO
トキソプラズマ抗体,10,10,10,名詞,所見,項目,*,*,*,トキソプラズマ抗体,トキソプラズマ抗体,トキソプラズマ抗体
寒冷凝集素,10,10,10,名詞,所見,項目,*,*,*,寒冷凝集素,寒冷凝集素,寒冷凝集素
寒冷凝集反応,10,10,10,名詞,所見,項目,*,*,*,寒冷凝集素,寒冷凝集素,寒冷凝集素
マイコプラズマ抗体,10,10,10,名詞,所見,項目,*,*,*,マイコプラズマ抗体,マイコプラズマ抗体,マイコプラズマ抗体
ウイルス血清反応,10,10,10,名詞,所見,項目,*,*,*,ウイルス血清反応,ウイルス血清反応,ウイルス血清反応
β-D-グルカン,10,10,10,名詞,所見,項目,*,*,*,β-D-グルカン,β-D-グルカン,β-D-グルカン
β-Dグルカン,10,10,10,名詞,所見,項目,*,*,*,β-D-グルカン,β-D-グルカン,β-D-グルカン
HTLV-1抗体,10,10,10,名詞,所見,項目,*,*,*,HTLV-1抗体,HTLV-1抗体,HTLV-1抗体
抗HTLV-1抗体,10,10,10,名詞,所見,項目,*,*,*,HTLV-1抗体,HTLV-1抗体,HTLV-1抗体
HIV抗体,10,10,10,名詞,所見,項目,*,*,*,HIV抗体,HIV抗体,HIV抗体
HA抗体,10,10,10,名詞,所見,項目,*,*,*,HA抗体,HA抗体,HA抗体
IgM型HA抗体,10,10,-10,名詞,所見,項目,*,*,*,HA抗体,HA抗体,HA抗体
HBs抗原,10,10,10,名詞,所見,項目,*,*,*,HBs抗原,HBs抗原,HBs抗原
HBs抗体,10,10,10,名詞,所見,項目,*,*,*,HBs抗体,HBs抗体,HBs抗体
HBc抗体,10,10,10,名詞,所見,項目,*,*,*,HBc抗体,HBc抗体,HBc抗体
IgM型HBc抗体,10,10,-10,名詞,所見,項目,*,*,*,HBc抗体,HBc抗体,HBc抗体
HBV-DNA,10,10,-10,名詞,所見,項目,*,*,*,HBV-DNA,HBV-DNA,HBV-DNA
HCV抗体,10,10,10,名詞,所見,項目,*,*,*,HCV抗体,HCV抗体,HCV抗体
HCV-RNA,10,10,10,名詞,所見,項目,*,*,*,HCV-RNA,HCV-RNA,HCV-RNA
リウマトイド因子<RF>,10,10,10,名詞,所見,項目,*,*,*,リウマトイド因子<RF>,リウマトイド因子<RF>,リウマトイド因子<RF>
抗CCP抗体,10,10,10,名詞,所見,項目,*,*,*,抗CCP抗体,抗CCP抗体,抗CCP抗体
MPO-ANCA,10,10,10,名詞,所見,項目,*,*,*,MPO-ANCA,MPO-ANCA,MPO-ANCA
PR3-ANCA,10,10,10,名詞,所見,項目,*,*,*,PR3-ANCA,PR3-ANCA,PR3-ANCA
抗核抗体,10,10,10,名詞,所見,項目,*,*,*,抗核抗体,抗核抗体,抗核抗体
抗DNA抗体,10,10,10,名詞,所見,項目,*,*,*,抗DNA抗体,抗DNA抗体,抗DNA抗体
抗ssDNA抗体,10,10,10,名詞,所見,項目,*,*,*,抗ssDNA抗体,抗ssDNA抗体,抗ssDNA抗体
抗dsDNA抗体,10,10,10,名詞,所見,項目,*,*,*,抗dsDNA抗体,抗dsDNA抗体,抗dsDNA抗体
抗セントロメア抗体,10,10,10,名詞,所見,項目,*,*,*,抗セントロメア抗体,抗セントロメア抗体,抗セントロメア抗体
抗アミノアシルtRNA合成酵素抗体<抗ARS抗体>,10,10,10,名詞,所見,項目,*,*,*,抗アミノアシルtRNA合成酵素抗体<抗ARS抗体>,抗アミノアシルtRNA合成酵素抗体<抗ARS抗体>,抗アミノアシルtRNA合成酵素抗体<抗ARS抗体>
pH,10,10,10,名詞,所見,項目,*,*,*,pH,pH,pH
PaCO2,10,10,10,名詞,所見,項目,*,*,*,PaCO2,PaCO2,PaCO2
PaO2,10,10,10,名詞,所見,項目,*,*,*,PaO2,PaO2,PaO2
HCO-3,10,10,10,名詞,所見,項目,*,*,*,HCO-3,HCO-3,HCO-3
HCO3-,10,10,10,名詞,所見,項目,*,*,*,HCO-3,HCO-3,HCO-3
％VC,10,10,10,名詞,所見,項目,*,*,*,％VC,％VC,％VC
FEV1％,10,10,10,名詞,所見,項目,*,*,*,FEV1％,FEV1％,FEV1％
{12誘導｝心電図検査,10,10,10,名詞,所見,項目,*,*,*,{12誘導｝心電図検査,{12誘導｝心電図検査,{12誘導｝心電図検査
Holter心電図検査,10,10,10,名詞,所見,項目,*,*,*,Holter心電図検査,Holter心電図検査,Holter心電図検査
運動負荷心電図検査,10,10,10,名詞,所見,項目,*,*,*,運動負荷心電図検査,運動負荷心電図検査,運動負荷心電図検査
心臓カテーテル検査,10,10,10,名詞,所見,項目,*,*,*,心臓カテーテル検査,心臓カテーテル検査,心臓カテーテル検査
唾液分泌検査,10,10,10,名詞,所見,項目,*,*,*,唾液分泌検査,唾液分泌検査,唾液分泌検査
胃液検査,10,10,10,名詞,所見,項目,*,*,*,胃液検査,胃液検査,胃液検査
食道・胃24時間pHモニタリング検査,10,10,10,名詞,所見,項目,*,*,*,食道・胃24時間pHモニタリング検査,食道・胃24時間pHモニタリング検査,食道・胃24時間pHモニタリング検査
食道内圧検査,10,10,10,名詞,所見,項目,*,*,*,食道内圧検査,食道内圧検査,食道内圧検査
肛門内圧検査,10,10,10,名詞,所見,項目,*,*,*,肛門内圧検査,肛門内圧検査,肛門内圧検査
BT-PABA試験,10,10,10,名詞,所見,項目,*,*,*,BT-PABA試験,BT-PABA試験,BT-PABA試験
インスリン負荷試験,10,10,10,名詞,所見,項目,*,*,*,インスリン負荷試験,インスリン負荷試験,インスリン負荷試験
グルカゴン負荷試験,10,10,10,名詞,所見,項目,*,*,*,グルカゴン負荷試験,グルカゴン負荷試験,グルカゴン負荷試験
ブドウ糖負荷試験,10,10,10,名詞,所見,項目,*,*,*,ブドウ糖負荷試験,ブドウ糖負荷試験,ブドウ糖負荷試験
絶食試験,10,10,10,名詞,所見,項目,*,*,*,絶食試験,絶食試験,絶食試験
TRH負荷試験,10,10,10,名詞,所見,項目,*,*,*,TRH負荷試験,TRH負荷試験,TRH負荷試験
CRH負荷試験,10,10,10,名詞,所見,項目,*,*,*,CRH負荷試験,CRH負荷試験,CRH負荷試験
GHRH負荷試験,10,10,10,名詞,所見,項目,*,*,*,GHRH負荷試験,GHRH負荷試験,GHRH負荷試験
LHRH負荷試験,10,10,10,名詞,所見,項目,*,*,*,LHRH負荷試験,LHRH負荷試験,LHRH負荷試験
デキサメタゾン抑制試験,10,10,10,名詞,所見,項目,*,*,*,デキサメタゾン抑制試験,デキサメタゾン抑制試験,デキサメタゾン抑制試験
水制限試験,10,10,10,名詞,所見,項目,*,*,*,水制限試験,水制限試験,水制限試験
高張食塩水負荷試験,10,10,10,名詞,所見,項目,*,*,*,高張食塩水負荷試験,高張食塩水負荷試験,高張食塩水負荷試験
ACTH試験,10,10,10,名詞,所見,項目,*,*,*,ACTH試験,ACTH試験,ACTH試験
甲状腺1231摂取率,10,10,10,名詞,所見,項目,*,*,*,甲状腺1231摂取率,甲状腺1231摂取率,甲状腺1231摂取率
フロセミド負荷試験,10,10,10,名詞,所見,項目,*,*,*,フロセミド負荷試験,フロセミド負荷試験,フロセミド負荷試験
PTH負荷試験<Ellsworth-Howard試験＞,10,10,10,名詞,所見,項目,*,*,*,PTH負荷試験<Ellsworth-Howard試験＞,PTH負荷試験<Ellsworth-Howard試験＞,PTH負荷試験<Ellsworth-Howard試験＞
プロゲステロン負荷試験,10,10,10,名詞,所見,項目,*,*,*,プロゲステロン負荷試験,プロゲステロン負荷試験,プロゲステロン負荷試験
エストロゲン・プロゲステロン負荷試験,10,10,10,名詞,所見,項目,*,*,*,エストロゲン・プロゲステロン負荷試験,エストロゲン・プロゲステロン負荷試験,エストロゲン・プロゲステロン負荷試験
ゴナドトロピン負荷試験,10,10,10,名詞,所見,項目,*,*,*,ゴナドトロピン負荷試験,ゴナドトロピン負荷試験,ゴナドトロピン負荷試験
クレアチニンクリアランス,10,10,10,名詞,所見,項目,*,*,*,クレアチニンクリアランス,クレアチニンクリアランス,クレアチニンクリアランス
糸球体濾過率<GFR＞,10,10,10,名詞,所見,項目,*,*,*,糸球体濾過率<GFR＞,糸球体濾過率<GFR＞,糸球体濾過率<GFR＞
レノグラム,10,10,10,名詞,所見,項目,*,*,*,レノグラム,レノグラム,レノグラム
脳波検査,10,10,10,名詞,所見,項目,*,*,*,脳波検査,脳波検査,脳波検査
針筋電図検査,10,10,10,名詞,所見,項目,*,*,*,針筋電図検査,針筋電図検査,針筋電図検査
サーファクタントプロテインD<SP-D>,10,10,10,名詞,所見,項目,*,*,*,サーファクタントプロテインD<SP-D>,サーファクタントプロテインD<SP-D>,サーファクタントプロテインD<SP-D>
サーファクタントプロテインD,10,10,10,名詞,所見,項目,*,*,*,サーファクタントプロテインD<SP-D>,サーファクタントプロテインD<SP-D>,サーファクタントプロテインD<SP-D>
SP-D,10,10,10,名詞,所見,項目,*,*,*,サーファクタントプロテインD<SP-D>,サーファクタントプロテインD<SP-D>,サーファクタントプロテインD<SP-D>
抗血小板抗体,10,10,10,名詞,所見,項目,*,*,*,抗血小板抗体,抗血小板抗体,抗血小板抗体
ZTT,10,10,10,名詞,所見,項目,*,*,*,ZTT,ZTT,ZTT
抗基底膜抗体,10,10,10,名詞,所見,項目,*,*,*,抗基底膜抗体,抗基底膜抗体,抗基底膜抗体
抗GBM抗体,10,10,10,名詞,所見,項目,*,*,*,抗基底膜抗体,抗基底膜抗体,抗基底膜抗体
抗リン脂質抗体,10,10,10,名詞,所見,項目,*,*,*,抗リン脂質抗体,抗リン脂質抗体,抗リン脂質抗体
VCAIgA抗体,10,10,10,名詞,所見,項目,*,*,*,VCA-IgA抗体,VCA-IgA抗体,VCA-IgA抗体
VCAIgM抗体,10,10,10,名詞,所見,項目,*,*,*,VCA-IgM抗体,VCA-IgM抗体,VCA-IgM抗体
NAPスコア,10,10,10,名詞,所見,項目,*,*,*,NAPスコア,NAPスコア,NAPスコア
アルカリフォスファターゼスコア,10,10,10,名詞,所見,項目,*,*,*,NAPスコア,NAPスコア,NAPスコア
サイトメガロウイルス抗原,10,10,10,名詞,所見,項目,*,*,*,サイトメガロウイルス抗原,サイトメガロウイルス抗原,サイトメガロウイルス抗原
アスペルギルス抗原,10,10,10,名詞,所見,項目,*,*,*,アスペルギルス抗原,アスペルギルス抗原,アスペルギルス抗原
カンジダ抗原,10,10,10,名詞,所見,項目,*,*,*,カンジダ抗原,カンジダ抗原,カンジダ抗原
可溶性IL-2受容体,10,10,10,名詞,所見,項目,*,*,*,可溶性IL-2受容体,可溶性IL-2受容体,可溶性IL-2受容体
ヘパプラスチンテスト,10,10,10,名詞,所見,項目,*,*,*,ヘパプラスチンテスト,ヘパプラスチンテスト,ヘパプラスチンテスト
ケトン体,10,10,10,名詞,所見,項目,*,*,*,ケトン体,ケトン体,ケトン体
インスリン様成長因子-I<IGF-I>,10,10,10,名詞,所見,項目,*,*,*,インスリン様成長因子-I<IGF-I>,インスリン様成長因子-I<IGF-I>,インスリン様成長因子-I<IGF-I>
抗EBNA抗体,10,10,10,名詞,所見,項目,*,*,*,抗EBNA抗体,抗EBNA抗体,抗EBNA抗体
抗ヒトヘルペスウイルス6IgG抗体価,10,10,10,名詞,所見,項目,*,*,*,抗ヒトヘルペスウイルス抗体価,抗ヒトヘルペスウイルス抗体価,抗ヒトヘルペスウイルス抗体価
matrixmetalloproteinase-3<MMP-3>,10,10,10,名詞,所見,項目,*,*,*,matrixmetalloproteinase-3<MMP-3>,matrixmetalloproteinase-3<MMP-3>,matrixmetalloproteinase-3<MMP-3>
NSE,10,10,10,名詞,所見,項目,*,*,*,NSE,NSE,NSE
,10,10,10,名詞,所見,項目,*,*,*,,,
,10,10,10,名詞,所見,項目,*,*,*,,,
,10,10,10,名詞,所見,項目,*,*,*,,,
,10,10,10,名詞,所見,項目,*,*,*,,,
,10,10,10,名詞,所見,項目,*,*,*,,,
陰性,10,10,10,名詞,所見,内容,*,*,*,-1,-1,-1
陽性,10,10,10,名詞,所見,内容,*,*,*,+1,+1,+1
(－),10,10,10,名詞,所見,内容,*,*,*,-1,-1,-1
(＋),10,10,10,名詞,所見,内容,*,*,*,+1,+1,+1
(±),10,10,10,名詞,所見,内容,*,*,*,+1,+1,+1
1＋,10,10,10,名詞,所見,内容,*,*,*,1＋,1＋,1＋
2＋,10,10,10,名詞,所見,内容,*,*,*,2＋,2＋,2＋
3＋,10,10,10,名詞,所見,内容,*,*,*,3＋,3＋,3＋
4＋,10,10,10,名詞,所見,内容,*,*,*,4＋,4＋,4＋
％,0,0,-100000,名詞,所見,単位,*,*,*,％,％,％
g,10,10,10,名詞,所見,単位,*,*,*,g,g,g
mg,10,10,10,名詞,所見,単位,*,*,*,mg,mg,mg
μg,10,10,10,名詞,所見,単位,*,*,*,μg,μg,μg
ng,10,10,10,名詞,所見,単位,*,*,*,ng,ng,ng
pg,10,10,10,名詞,所見,単位,*,*,*,pg,pg,pg
mm,10,10,10,名詞,所見,単位,*,*,*,mm,mm,mm
mIU,10,10,10,名詞,所見,単位,*,*,*,mIU,mIU,mIU
IU,10,10,10,名詞,所見,単位,*,*,*,IU,IU,IU
U,10,10,10,名詞,所見,単位,*,*,*,U,U,U
mEq,10,10,10,名詞,所見,単位,*,*,*,mEq,mEq,mEq
/L,10,10,10,名詞,所見,単位,*,*,*,/L,/L,/L
/dL,10,10,10,名詞,所見,単位,*,*,*,/dL,/dL,/dL
/mL,10,10,10,名詞,所見,単位,*,*,*,/mL,/mL,/mL
/時間,10,10,-10000,名詞,所見,単位,*,*,*,/時間,/時間,/時間
倍,10,10,10,名詞,所見,単位,*,*,*,倍,倍,倍
個,10,10,10,名詞,所見,単位,*,*,*,個,個,個
Torr,10,10,10,名詞,所見,単位,*,*,*,Torr,Torr,Torr
,10,10,10,名詞,所見,単位,*,*,*,,,
,10,10,10,名詞,所見,単位,*,*,*,,,
,10,10,10,名詞,疾患名,*,*,*,*,,,
,10,10,10,名詞,疾患名,*,*,*,*,,,
,10,10,10,名詞,疾患名,*,*,*,*,,,
,10,10,10,名詞,疾患名,*,*,*,*,,,
,10,10,10,名詞,疾患名,*,*,*,*,,,
,10,10,10,名詞,疾患名,*,*,*,*,,,
,10,10,10,名詞,疾患名,*,*,*,*,,,
,10,10,10,名詞,疾患名,*,*,*,*,,,
,10,10,10,名詞,疾患名,*,*,*,*,,,
,10,10,10,名詞,疾患名,*,*,*,*,,,
,10,10,10,名詞,疾患名,*,*,*,*,,,
,10,10,10,名詞,疾患名,*,*,*,*,,,
,10,10,10,名詞,疾患名,*,*,*,*,,,
,10,10,10,名詞,疾患名,*,*,*,*,,,
,10,10,10,名詞,疾患名,*,*,*,*,,,
,10,10,10,名詞,疾患名,*,*,*,*,,,
,10,10,10,名詞,疾患名,*,*,*,*,,,
,10,10,10,名詞,疾患名,*,*,*,*,,,
,10,10,10,名詞,疾患名,*,*,*,*,,,
,10,10,10,名詞,疾患名,*,*,*,*,,,
,10,10,10,名詞,疾患名,*,*,*,*,,,
,10,10,10,名詞,疾患名,*,*,*,*,,,